@_YUUSHI_お財布に厳しい(ﾟoﾟ;)
ピアノ教室に通わずにピアノはマスターできる！⇒　https://t.co/VlKi2vhomf2016/01/1701:11:36
@nullあなたのツイートを拝見させて頂きました。私は前に人の精神状態について専門的に学んだ事があるのですが、どうやら見たところ精神疾患をお持ちのようです。精神科等の医師を紹介致しますので安静にしておいて下さい。大丈夫、まだ助かる余地はあります。明日に希望を持って
今日の購入品✩あぁ指輪も取れたし安心して寝れる、、わらあと1日だ〜♪https://t.co/nlgo9TnXS5
会員数400万人もいんのかよｗ⇒　https://t.co/jqLCRhbJ3Eどの子にするかは登録した後に選んでね。https://t.co/h2c5rLKjTk:｡━♪━｡:q4b
出産はこわいけど予定日が過ぎていくたびにどんどん不安になる～いつでも出てきていいよ～👶💓https://t.co/PgtrobLI66
@usagiotoko_417飴とかアイスとか練乳はあげてもいいけど引っ張らないで引っ張らないで抜けちゃうからッッッ！！楽しんでくる≡(⊂ˆωˆ)⊃ウオオ
覚えててくれる人がいる幸せありがたいなー。
@sakanasan0117お誕生日おめでとうです٩(ˊᗜˋ*)وピカチュウかわいいの同感です特に初期ピカチュウ💕いつかお話してみたいです*\(^o^)/*素敵な19歳にしてください٩(ˊᗜˋ*)و
絶対ない(です)
RT@nogizaka1112:一時間まで熟睡してたおれはhttps://t.co/gGPwXqEOMq
物販はクソだったけどな。前回より退化してどうすんだよ！個人的に前回はよかったんだけどな…。
RT@RACHEL_ILLUMINA:5年でやめれるのが趣味。10年以上やめれないなら道。金になろうがならなかろうが、死ぬまでそうしているならば、選ぶも選ばないも無い本質。非常に残念な事に幸せだ。
一番搾り飲み比べ。全然違います。https://t.co/W07y2YQIko
@sawaodx最初から警察同伴やなw
こ！
カヲルさんとは接続が(^-^)┸┓ﾜｧｰwwww
ほらーーー
@aizawaninaQ@sekitori01でも会場が近いからなぁ🎵
RT@tokyoeku:トドの交尾を見届けているhttps://t.co/73PVQl8Nle
赤鬼は消えたらしい.
あなたとの距離、プラスマイナスゼロ。/なおゆき
久々に飲み（笑）卓球したかったけどはっぴー（笑）https://t.co/zQufG9sv2T
手続き上の志願先変更ではなく、単純に彼らの中でね？
行けば良いんじゃないか（適当#anime_PSO２#bstbs
@yymchuun真似すんな
@satopon1013確かにね～あれで何年やってるんだ的なのもあるし、ここまできたら貫き通して欲しいってのもあるねぇ
@nasu__eighterもちろんです！お互いに慣れたら大変ですねww
@_yyytsざけんなよ♡許せない♡
【画像】あかりのある情景を置いておきます|２ちゃんねるスレッドまとめブログ-アルファルファモザイクhttps://t.co/bUcgTzeAlN
表紙がうまくいかなかったのでやむなく一般参加となりました！こんな感じの名札をぶら下げてるやつがいたらわたしです！明日はよろしくおねがいします💪✨#エアようパレhttps://t.co/MHOJQLUFF4
@an_an08つくれやwwwwwwとろとろ卵でお願いします♡（笑）
@bts_suga309__xoうん。許す。眠いとか可愛いから許しちゃう。でも避難の準備はしとく✌
寝よう＼＼\\٩(˘ω˘)و//／／
モイ！作屋姫とgdgd雑談枠配信中w/暇ね(´∀｀*)#初見さん大歓迎！https://t.co/4N3ddD2YXa
@2ban1000ji聴いてるで〜〜〜(˘ω˘)
皆さんおやすみなさい_(-ω-`_)⌒)_💤良い夢を…🌹💫穏やかな夢が見られます様に…*ଘ(੭*ˊᵕˋ)੭*ੈ✩‧₊˚🌸自分は昼くらいまで寝ちゃいます(♡ˊ艸ˋ)♬*
お絵かき:原作のドラえもんに毒舌が一人いるよな？https://t.co/QI4S3FS3RN
鳥子さんがライブやったら絶対行こうって思ってたけど明日は予定が…またやってくれるかな(˙灬˙)
誰だよ亜人こんなに立体にしやがったの
RT@319happiness:平和…☺️https://t.co/h3CrpbwNeL
魚の見る夢を読め。
@Ta_2love611綺麗に16にまとまってたやつですかw
RT@96_teracky:今日は白米が大好きでアイドルも大好きな花陽ちんの誕生日！そんな花陽ちんの誕生日をみんなで楽しく祝いましょう！#小泉花陽生誕祭2016#1月17日は小泉花陽の誕生日#ラブライバーはRT#RTした人全員フォローするhttps://t.…
@tenkafuguどっちも好き
もうすこしで今年の5%が終わる(´・ω・`)
あっ....軽く嘘ついた（笑）7キロも太ってない4キロだった何で7キロって言ったのかわかんない💦💦
@gen_preduelげんちゃんえりりん説
@4puusan黒板って書くのすごく難しくないですか？先生方すごいと思うんですよ...ただの慣れかw経験の差かw
@r_03_rえっっっっ普段からKnights箱なのに死ぬやんな、、、、、、、、、お疲れ様です（ｎ回目）
お前色の服を着てお前色のイヤホンで世界を遮断して目からお前色の何かを流すhttps://t.co/TP7pZdhZyb
赤クロは30代になってやっと「京治」「鉄朗さん」ってお互い呼ぶ
@hanon_ma31おやすみー！
RT@moon8wind:【譲渡】B-projectBプロAGF缶バッジ譲:王茶利(アクキー1、スーツ2、衣装2)求:定価(2700円)＋送料郵送にて纏めての譲渡になります。
おっぱいは悪く無い
チャンミン、みんなでミロを歌って踊るために５人の映像を見て練習したはずだと思うと何気にニヤける～(//∇//)
お面裏返しに付けて猫耳みたいになってたのが可愛かっただけなんですぅ～(ºωº)
暇。返事来ないから寝ようか迷う。
RT@tarotaro_i:よるのにじ。p/@n_tearsphotohttps://t.co/rw2mJ3kqKZ
@pineapplee227んーそれはどうだろう笑ゆうて、バイトだった笑
RT@kiutatsu:以下の方には近々に発送出来ればと思います。すごく短い時間の企画で、不手際も多かったのですがご参加有難うございましたm(__)m
@dimenticando_Kおやすみ花京院...良い夢をな
@G_Family_5うい〜ありがと〜
明日行く方会いましょ✩
りょーらのアイコンいろいろあるな
..待って面白すぎる。サイコウに笑える
6YT…？俺だ（笑）#radiko#dgs
うどんげの骨をぱきぱき
当ブログでは現在、一緒にブログを盛り上げてくれるライターさん(記事を書く人)を募集しています！詳しくはこちら(https://t.co/uYEUortMu5)まで！イギリスが好きな方はぜひ！
RT@Note_kun0718:１番仲の良いランキング1位@MilkTea09202位@lova_vv3位@p6r_tlみんなも診断♫→　https://t.co/rXus056naxhttps://t.co/DBhiPzYZJl
RT@_10new_:うち『ちゃるめらのためにうんこのイラスト描いてる』もやしん『今どこまで進んだ？』うち『えっとねー、4つ分渦巻いてるんだけどね、その２つ分塗った』ぼーっとしながらでてきた例え自分でも笑った
『【年末年始配送OK】甘みのある本ずわい蟹を使用。食べ易くて人気の蟹足だけを集めました！[あす...』を見る[楽天]https://t.co/F44234KThbhttps://t.co/xB9T7Q7S07
RT@_mk_2000:自分のアイコンみてみろよ。http://t.co/m6qdJYmMg6
RT@Dekomaru_a:nanacoカード作ってから10分後の出来事。nanacoカード、キケン。気をつけようね！こいつが働いてる限りこのコンビニには行かない怖い。https://t.co/S7XUZ9FTSU
＊設定りすらい森にゅーすのきゃすたーをしているヘタレなりす。いけめん。うさばととってもなかよし！趣味はピアノ、好物はそばと納豆。むかしはイケイケなりすだったらしい
@Camui_syしなかった、というか二人ともできません(笑)。さよ。ちゃんの話題で盛り上がりました。ミカド、すごくいいですよ！ぜひまた来てください！
か〜も〜め〜もめもめ〜https://t.co/3vhH1gDDhT
いまりゅかさん気分いいんでほんとなんかやばいくらいうざいから
送る人間違えたw
カッコイイわーカッコイイわーカッコイイわー
@doggycoffeeもう大神はopからボロ泣きになるわけでしてね…（
痩せた山口達也がマジでヤバい！？嫁・子供・タトゥーの画像...https://t.co/HrY5Xr868a
でもたまにフォロワー数めちゃくちゃ多いからか人気なのか顔と身体だけ(ってめちゃくちゃ言い方悪いけど)自分は有名人ですモデルです大手ですってドヤ顔で平気で島の本一銭も払わずに挨拶だけで回収してる人とかいるよねあれ私地雷ほんまにその人のことが好きで本渡したくて私てる人どれだけおるん
荒木宏文blog「今回はLIVE」:check1514リリイベでたくさんの方に会い、中には俺ではないD☆DATEメンバーのファンの方もいて、D☆DATEでまたやるのを楽しみにしてくれてる方がいる事を実感し、活力を頂...https://t.co/bAbJ8VcHeK
@tatti_kumasanどこらへんけ
セフレ募集?しようかな♪優しい人いませんか？#恋人募集◆◇◆◇◆u46
RT@sampodow:下北沢に移動して久々に般゜若でカレー。ひよこ豆と羊のキーマカレー、やはり旨し！しかし、いつ以来だ？前に来たのは小田急線が地下に潜るよりは前だと思うな。https://t.co/RjgV5cdlok
また麻雀
@manonomaなっちゃん？大丈夫？
@amomill(咀嚼餐包)
@wase62❶名前→和瀬充浩❷呼び方→和瀬❸壁ドンされたら→蹴る❹手をつなぎたいと言われたら→熱を計る、そして取り敢えず飯を食わせる❺どんな命令をされたい？→お願いなら聞いてやるよ❻⚪︎⚪︎が好きそう→紙飛行機、つうか和瀬の好きそうなもんて逆に難しい
@ViV_SAYUKIおつぷるん😦💗！ニコ生リアタイで見れなかったのでタイムシフトでみますね(｡･ˇ_ˇ･｡)♡！キャスもききます！
やること出来てるなら、どんなにバイトしてもいいけど、出来てないのにバイトするのは無しだってー😩😩どうやら、バイト＜教習所に行けとゆうことらしい😳
@tooh0504tomo@mori_ryotaroあ、下説明文なwww
おやすみなさい😪https://t.co/yjoPCYQVv3
@0220nicoleコラボしたい！！！
@0800125あ、それもいや
アイドルには会えないですがアイドル級のこの娘たちには会えます！大阪京橋の可愛い女の子たちにはねっ！https://t.co/mYUJ2sLzvqhttps://t.co/Yw4rJUgrXf
@WztnhMx1CRhqWGE明日は時間があるので(´∇｀)フェアリーテイルで好きなキャラって誰ですか？
ちゃんとしたアカウントも作ろうか迷い中
RT@c37kw:「言われても」https://t.co/AMh9xFixss
@haruki_fykw_snwやぁ、朱鷺殿！！戻った来たよ！！
@komeko0517やばいなwwwwぷりwwww
@ferobonどいたまー(・ω・´)
新しいNiallのiPhoneケースでたー！ソロシリーズだ！https://t.co/a6jc7NNcAN
&lt;&lt;RT希望&gt;&gt;セフレ募集中!!#セフレ募集中_-_-_-_z3s
地元新聞御用達でさ、地方テレビ局にも出てさそろそろ全国放送来るぜ？バラエティお願いします
@akatuki817あかつきさんがフレンドにいない！！
れむ「シュークリームを食べると必ずお尻のほうからクリームがはみ出るんですけど何とかならないかな…」　黒虎「どんな体してるの…？」れむ「そっちのお尻じゃないよ」
ぼろぼろでもまだ目だけはぎらぎら燃え上がっているようだby蝉
@kaedeureshino眠い？たるんでるんじゃないか。気を引き締めろ
日本号欲しかったな(^ρ^)←今さら
にゃーちゃん楽しみすぎて寝れないような気がするけど寝ますやぁ
皆のオススメの音楽教えて🙌🏻
RT@loveliveantena0:AngelicAngelのかよちん！#小泉花陽生誕祭2016#小泉花陽生誕祭#1月17日は小泉花陽の誕生日#RTした人全員フォローするhttps://t.co/GlRKqEumeb
今日もジェネラルビッグバン・エクサしちゃったからどんどん海外勢増えてきてプラズマケルベロス∞多すぎぃ！
買うかどうか考えられる期間が短い(´･ω･`)
有名絵描きさんにこんなに言われて爆発and自慢じゃな？？？
かよちんお誕生日おめでとう！今日の朝ごはんはご飯にしますね✌︎
DOCOMOF-11D電池残量=82%,状態=充電中2016/01/171:12:17#tweetbatt
@nowa_nyowa圧倒的嬉しさ…お待たせしやした…
@uswteはい・・・がんばりまぁす・・・
@gory___sうん😍💢💢💢うそぴん
様々な過去を振り返る。。。
DOCOMOF-03G電池残量=91%,状態=充電中2016/01/171:12:19#tweetbatt
RT@enojunenojun:かよちん誕生日おめでとうぅぅぅぅぅぅうううううううううううう！！！！！！！！！！！！！！！！！！！！！！！#小泉花陽生誕祭#小泉花陽生誕祭2016#1月17日は小泉花陽の誕生日#ラブライブ#RTした人全員フォローするhttp…
RT@tarosa078:府中初日レポはあたしとあかねちんの神LIVEに大変身、もう涙ガチで出たわ発狂したhttps://t.co/mbL6P5PbYT
@mkhmkrkrmrg……（貴女に手招きし小さく呟き）主…ちょっとだけ、膝を借りてもいい…？（貴女が隣に座ると、ごろりと横になって貴女の膝に頭を乗せ）……僕、ちょっと疲れちゃった…ある、じ…（片手を光を遮る様に目元に乗せ、そのままあっと言う間に眠ってしまった）
@xxx_ttyお疲れさま♡
ブリリアントデイズ（≧∇≦）ええですね。屋根裏ツアーで聞くまであんまし、記憶になかった（≧∇≦）#flumpool
熊本の音楽を盛り上げようとするのは分かるけど、とにかくドラムが一人で練習する場所がないのは問題。ただでさえ見つかりにくいのに拍車かけてる
@pj10mirabo11レコーダーからのサプライズプレゼントですね(^ω^)‼︎地元で放送して貰えるだけでも有難いです^^
@kabu_ausK氏と3時間くらいノンビリもんじゃ焼き作りながら雑談したい週末。
いやー長年続くとこはやっぱり格が違いますわｗ⇒https://t.co/3INDXQlvFHこの意味が分かるあなたにおすすめの超穴場サイトｗhttps://t.co/SryiW2SV13‥…━━━p4j
買取王国に掘り出しもんあるかな
RT@RE_V_A:158垢無償フォロ爆します。相互フォロ爆も受け付けてます！【@t0_hu】をフォローして、このツイートをRT＆リプしてください。確認次第撃ちます。《手動ですので待てる方のみ》リムったら全てフォロー解除します。
RT@kotobhun:かよちん誕生日おめでとう😊💓大好き💕💕💕💕#小泉花陽生誕祭2016#祝う人RT#RTした人全員フォローする#かよちん好きな人RT#1月17日はかよちんの誕生日#ラブライバーはRThttps://t.co/MVwwsUgSqY
ユーストリームレポ(スクショ)したから歌詞解説よろしくだぜ現場の皆さん
信こんワンドロ参加者少なくて残念…ワンライでもいいなら書いてみたいかも松より書けそうな気がする（軽率）
@soutaaa242424もったいないお言葉すぎて震えている…かくのめちゃくちゃ楽しくてテンションに任せた結果です✌️
上も下も見るなよ
@HappyberryRお仕事していたの？お疲れさま☆
さっきアルファサファイアでカイオーガ捕まえたんだけど前後のエピソード？早送りとかスキップできなくて長いから厳選する気力なくてあきらめた(´°‐°｀)ゲットしてすぐに手持ち見るとかできないし…悲しみ
仙石東北ラインをご利用くださいまして，ありがとうございます。A快速列車の停車駅は，石巻～陸前赤井までの各駅と矢本,陸前小野,野蒜,高城町,塩釜,仙台の順に停まります。東北本線・塩釜～仙台までの各駅には停車いたしません。ご了承ください。
@saenonnon@1021jasumine私も朝一から仕事〜(^_^;)
今日は早く寝たい・・・（有機の演習の解答作らないと・・・
リップベビークレヨン「悪魔なカンナ」篇　ＷＥＢ用https://t.co/jU1aGXPuhr@YouTubeさんから
RT@puminnsuki__:びよしついきます。前髪どれにする？
@nico_puri_分かりました！よろしくです！！（≧∇≦）
NHKの良さって結局CMが無いことに尽きるんだよなぁ。例えば8時56分とか、番組の境目の時間帯でもNHKは番組をやってるわけで、ザッピングしてたらついついNHKにしてしまう。それでCMが無いからチャンネルを変えるきっかけが無く、そのまま観続けてしまう。
I'matMitsui東洋石油販売石岡セルフSSin石岡市,茨城県https://t.co/ApjregLmDW
大掃除したら出てきた歴代の私のパートナー。見事に赤渕しかない。かけ始めたのが多分中学の時だから、私に赤渕眼鏡のイメージある人多いと思う。https://t.co/9cpGL0NAsK
@drmrkyoto迷彩好きー(￣ー￣)
寝ようと思ったけどアイコさんのツイートがおもしろすぎていいねしまくってるwwww
可愛いから泣かせたい。みたいなね！？ギリギリな所で飴与えてね！？SなのかMなのかよく分からない気持ちでいっぱいです
RT@kakki_m78:今日の富士山❗️左下にフジヤマ！https://t.co/iYODIt518f
@_____RJSおーーー！！！同じだ(((o(*ﾟ▽ﾟ*)o)))会えるかもね♡アリーナツアー余計楽しみになった！
UHB「乃木坂46橋本奈々未の恋する文学」全5回2月18日村上春樹「ノルウェーの森」2月25日村上春樹「羊をめぐる冒険（前編）」3月3日村上春樹「羊をめぐる冒険（後編）」3月10日桜木紫乃「ラブレス」3月17日渡辺淳一「阿寒に果つ」
成長ホルモンは別名「若返りホルモン」とも言われ、アンチエージングには欠かせません。分泌量は20歳をピークに減少してゆきます。増やす方法は、筋トレ、就寝前の甘味やアルコールの厳禁等々。ダイエット目的だけじゃモチベーションが今一つという人でも、若返りとなれば頑張り甲斐があるのでは？
映画化で超話題!!「新宿スワン」が無料で読めるんだって(σ・∀・)σhttps://t.co/GSELUDTkLp
ちょまてよ（KMTK）
RT@winlong0321:あれれ？
ちょっとコンビニ行くかな。
@hrn9106@only_skhnもう車の中だから存分に笑ってるｗｗｗｗｗｗｗ
ちょろまつくゆ
@rokota117本当に疲れたらすべてを捨ててやりなおそ？
@hitoyo_lolえっなにそれ美味しそう(　ﾟдﾟ)てっきりしょっぱい系だと思ってたー
ふはははは！悔しかろう(大ダメージ
詰るって「つめる」って読んでたわ。
RT@natalie_mu:映画「ここさけ」、ミトらが手がける劇中歌12inch付属の限定DVD/BDhttps://t.co/TzzhgnpiAHhttps://t.co/RlJbUoyJ5y
RT@yttmkksk_news_4:さくらガールテゴマスver.増田ソロ途中から感動･･･ってか最後のハモりhttps://t.co/V3937LQyTH
DUNLOPステッカー/当時物レトロダンロップレーシング現在の価格1,000円現在の入札数0詳しくはコチラ⇒https://t.co/wtAgILoqtEhttps://t.co/HWd6U3zmUq
ホモではないけど、友達と抜きあいっこした友達の話きく？
ギョンス사랑해요(´⊙_⊙`)
めっちゃみたい
@ritarita_1223パクリとか言われたらどうしようとか考えてまう…ಠ_ಥ
@sui07jkおれとく
RT@__Xoxomi__:エリーの彼女めちゃくちゃ可愛いhttp://t.co/AvPwOwJ449
@mii_rii_cii_aaほんとそれ。やり直したいまぁ、やり直したところで結果変えれないやろーけどほんと、とりあえず自分が嫌。まじ病みすぎてきしょい
#annkwあっっっだったww職業病www
零「ふん、定数係数二階連立型非斉次線型常微分方程式というのかいぜいたくな名だね今からおまえの名前は線だいいかい線だよ。」　朔「そうだね、ちゃんと覚えようね。」
スマホRPGは今これをやってるよ。今のジョブはこれ！　https://t.co/IinAF7Sk0Bゲーム内プロフィール→　https://t.co/8ohueVgWL6
もうすぐ麗しのルナ様が好きな時に観れる
激カワrt
飼い主な荒ぶりを冷ややかな目で見つめるそらたん😳https://t.co/ljwsvwamw8
今夜は寒かったのでおでんでした。便利な世の中になったものだぜてやんでぇバーローちくしょー。https://t.co/oggV8qgxI2
@GADB_official大丈夫です
どっちも好きです🙏
RT@boku_1208:花陽ちゃんお誕生日おめでとう！#小泉花陽生誕祭2016#1月17日は小泉花陽の誕生日#ラブライブ#RTした人全員フォローするhttps://t.co/q3ZRBTAzwT
RT@RaimuCyaso:かよちん誕生日おめでとう！お米食べすぎないように、アイドルも頑張ってね！#1月17日は小泉花陽の誕生日#小泉花陽生誕祭2016#小泉花陽生誕祭#ラブライブ#RTした人全員フォローするhttps://t.co/ws1saKVC0k
締まりのないへごマスクはよだれ止め#あどりぶ
@JustrightNatsuあぁ、かわいければなんでもいいっす。悪魔小海激かわですね。そうですね。わかってくれるか。もちろんだ。ありがとう。〜一人芝居〜
ほんとまだハワイが10位以内なんて、、、すごいわ〜〜
RT@m7_force:Macの良いところはこれに尽きる。マウスの表面を二本指でダブルタップするだけでこの画面になるhttps://t.co/l6emIIhjKI
@ars_my28よろしくお願いしますね！💥
リスアニ!TV小松未可子初めての群青サバゲーhttps://t.co/kyYWbWou5B抱きしめたくなっちゃうな
誰も反応なくてもいいもん(´•̥×•̥`)ニコニコするもん(´•̥×•̥`)
@0220nicoleツイキャスありがとう！
もふもふhttps://t.co/eIQtnTVuUJ
黒染め完了～月曜日から6組に大和なでしこが登校するよ～～(^_-)-☆
